"","Time","Continent","Technology Type","Subscribers Raw","Subscribers (per 100)"
"1",1960,"Africa","Fixed broadband subscriptions (per 100 people)",1178580,0
"2",1960,"Africa","Fixed telephone subscriptions (per 100 people)",1178580,41.408586333
"3",1960,"Africa","Mobile cellular subscriptions (per 100 people)",1178580,0
"4",1960,"Americas","Fixed broadband subscriptions (per 100 people)",57036319,0
"5",1960,"Americas","Fixed telephone subscriptions (per 100 people)",57036319,305.055931986
"6",1960,"Americas","Mobile cellular subscriptions (per 100 people)",57036319,0
"7",1960,"Asia","Fixed broadband subscriptions (per 100 people)",4796676,0
"8",1960,"Asia","Fixed telephone subscriptions (per 100 people)",4796676,67.201173519
"9",1960,"Asia","Mobile cellular subscriptions (per 100 people)",4796676,0
"10",1960,"Europe","Fixed broadband subscriptions (per 100 people)",24637561,0
"11",1960,"Europe","Fixed telephone subscriptions (per 100 people)",24637561,687.159517353
"12",1960,"Europe","Mobile cellular subscriptions (per 100 people)",24637561,0
"13",1960,"Oceania","Fixed broadband subscriptions (per 100 people)",2110561,0
"14",1960,"Oceania","Fixed telephone subscriptions (per 100 people)",2110561,144.434053815
"15",1960,"Oceania","Mobile cellular subscriptions (per 100 people)",2110561,0
"16",1961,"Africa","Fixed broadband subscriptions (per 100 people)",0,0
"17",1961,"Africa","Fixed telephone subscriptions (per 100 people)",0,0
"18",1961,"Africa","Mobile cellular subscriptions (per 100 people)",0,0
"19",1961,"Americas","Fixed broadband subscriptions (per 100 people)",0,0
"20",1961,"Americas","Fixed telephone subscriptions (per 100 people)",0,0
"21",1961,"Americas","Mobile cellular subscriptions (per 100 people)",0,0
"22",1961,"Asia","Fixed broadband subscriptions (per 100 people)",0,0
"23",1961,"Asia","Fixed telephone subscriptions (per 100 people)",0,0
"24",1961,"Asia","Mobile cellular subscriptions (per 100 people)",0,0
"25",1961,"Europe","Fixed broadband subscriptions (per 100 people)",0,0
"26",1961,"Europe","Fixed telephone subscriptions (per 100 people)",0,0
"27",1961,"Europe","Mobile cellular subscriptions (per 100 people)",0,0
"28",1961,"Oceania","Fixed broadband subscriptions (per 100 people)",0,0
"29",1961,"Oceania","Fixed telephone subscriptions (per 100 people)",0,0
"30",1961,"Oceania","Mobile cellular subscriptions (per 100 people)",0,0
"31",1962,"Africa","Fixed broadband subscriptions (per 100 people)",0,0
"32",1962,"Africa","Fixed telephone subscriptions (per 100 people)",0,0
"33",1962,"Africa","Mobile cellular subscriptions (per 100 people)",0,0
"34",1962,"Americas","Fixed broadband subscriptions (per 100 people)",0,0
"35",1962,"Americas","Fixed telephone subscriptions (per 100 people)",0,0
"36",1962,"Americas","Mobile cellular subscriptions (per 100 people)",0,0
"37",1962,"Asia","Fixed broadband subscriptions (per 100 people)",0,0
"38",1962,"Asia","Fixed telephone subscriptions (per 100 people)",0,0
"39",1962,"Asia","Mobile cellular subscriptions (per 100 people)",0,0
"40",1962,"Europe","Fixed broadband subscriptions (per 100 people)",0,0
"41",1962,"Europe","Fixed telephone subscriptions (per 100 people)",0,0
"42",1962,"Europe","Mobile cellular subscriptions (per 100 people)",0,0
"43",1962,"Oceania","Fixed broadband subscriptions (per 100 people)",0,0
"44",1962,"Oceania","Fixed telephone subscriptions (per 100 people)",0,0
"45",1962,"Oceania","Mobile cellular subscriptions (per 100 people)",0,0
"46",1963,"Africa","Fixed broadband subscriptions (per 100 people)",0,0
"47",1963,"Africa","Fixed telephone subscriptions (per 100 people)",0,0
"48",1963,"Africa","Mobile cellular subscriptions (per 100 people)",0,0
"49",1963,"Americas","Fixed broadband subscriptions (per 100 people)",0,0
"50",1963,"Americas","Fixed telephone subscriptions (per 100 people)",0,0
"51",1963,"Americas","Mobile cellular subscriptions (per 100 people)",0,0
"52",1963,"Asia","Fixed broadband subscriptions (per 100 people)",0,0
"53",1963,"Asia","Fixed telephone subscriptions (per 100 people)",0,0
"54",1963,"Asia","Mobile cellular subscriptions (per 100 people)",0,0
"55",1963,"Europe","Fixed broadband subscriptions (per 100 people)",0,0
"56",1963,"Europe","Fixed telephone subscriptions (per 100 people)",0,0
"57",1963,"Europe","Mobile cellular subscriptions (per 100 people)",0,0
"58",1963,"Oceania","Fixed broadband subscriptions (per 100 people)",0,0
"59",1963,"Oceania","Fixed telephone subscriptions (per 100 people)",0,0
"60",1963,"Oceania","Mobile cellular subscriptions (per 100 people)",0,0
"61",1964,"Africa","Fixed broadband subscriptions (per 100 people)",0,0
"62",1964,"Africa","Fixed telephone subscriptions (per 100 people)",0,0
"63",1964,"Africa","Mobile cellular subscriptions (per 100 people)",0,0
"64",1964,"Americas","Fixed broadband subscriptions (per 100 people)",0,0
"65",1964,"Americas","Fixed telephone subscriptions (per 100 people)",0,0
"66",1964,"Americas","Mobile cellular subscriptions (per 100 people)",0,0
"67",1964,"Asia","Fixed broadband subscriptions (per 100 people)",0,0
"68",1964,"Asia","Fixed telephone subscriptions (per 100 people)",0,0
"69",1964,"Asia","Mobile cellular subscriptions (per 100 people)",0,0
"70",1964,"Europe","Fixed broadband subscriptions (per 100 people)",0,0
"71",1964,"Europe","Fixed telephone subscriptions (per 100 people)",0,0
"72",1964,"Europe","Mobile cellular subscriptions (per 100 people)",0,0
"73",1964,"Oceania","Fixed broadband subscriptions (per 100 people)",0,0
"74",1964,"Oceania","Fixed telephone subscriptions (per 100 people)",0,0
"75",1964,"Oceania","Mobile cellular subscriptions (per 100 people)",0,0
"76",1965,"Africa","Fixed broadband subscriptions (per 100 people)",1240043,0
"77",1965,"Africa","Fixed telephone subscriptions (per 100 people)",1240043,46.456382691
"78",1965,"Africa","Mobile cellular subscriptions (per 100 people)",1240043,0
"79",1965,"Americas","Fixed broadband subscriptions (per 100 people)",67157565,0
"80",1965,"Americas","Fixed telephone subscriptions (per 100 people)",67157565,352.137263895
"81",1965,"Americas","Mobile cellular subscriptions (per 100 people)",67157565,0
"82",1965,"Asia","Fixed broadband subscriptions (per 100 people)",9502568,0
"83",1965,"Asia","Fixed telephone subscriptions (per 100 people)",9502568,105.914533875
"84",1965,"Asia","Mobile cellular subscriptions (per 100 people)",9502568,0
"85",1965,"Europe","Fixed broadband subscriptions (per 100 people)",35082151,0
"86",1965,"Europe","Fixed telephone subscriptions (per 100 people)",35082151,921.679916949
"87",1965,"Europe","Mobile cellular subscriptions (per 100 people)",35082151,0
"88",1965,"Oceania","Fixed broadband subscriptions (per 100 people)",2746915,0
"89",1965,"Oceania","Fixed telephone subscriptions (per 100 people)",2746915,178.639863087
"90",1965,"Oceania","Mobile cellular subscriptions (per 100 people)",2746915,0
"91",1966,"Africa","Fixed broadband subscriptions (per 100 people)",0,0
"92",1966,"Africa","Fixed telephone subscriptions (per 100 people)",0,0
"93",1966,"Africa","Mobile cellular subscriptions (per 100 people)",0,0
"94",1966,"Americas","Fixed broadband subscriptions (per 100 people)",0,0
"95",1966,"Americas","Fixed telephone subscriptions (per 100 people)",0,0
"96",1966,"Americas","Mobile cellular subscriptions (per 100 people)",0,0
"97",1966,"Asia","Fixed broadband subscriptions (per 100 people)",0,0
"98",1966,"Asia","Fixed telephone subscriptions (per 100 people)",0,0
"99",1966,"Asia","Mobile cellular subscriptions (per 100 people)",0,0
"100",1966,"Europe","Fixed broadband subscriptions (per 100 people)",0,0
"101",1966,"Europe","Fixed telephone subscriptions (per 100 people)",0,0
"102",1966,"Europe","Mobile cellular subscriptions (per 100 people)",0,0
"103",1966,"Oceania","Fixed broadband subscriptions (per 100 people)",0,0
"104",1966,"Oceania","Fixed telephone subscriptions (per 100 people)",0,0
"105",1966,"Oceania","Mobile cellular subscriptions (per 100 people)",0,0
"106",1967,"Africa","Fixed broadband subscriptions (per 100 people)",0,0
"107",1967,"Africa","Fixed telephone subscriptions (per 100 people)",0,0
"108",1967,"Africa","Mobile cellular subscriptions (per 100 people)",0,0
"109",1967,"Americas","Fixed broadband subscriptions (per 100 people)",0,0
"110",1967,"Americas","Fixed telephone subscriptions (per 100 people)",0,0
"111",1967,"Americas","Mobile cellular subscriptions (per 100 people)",0,0
"112",1967,"Asia","Fixed broadband subscriptions (per 100 people)",0,0
"113",1967,"Asia","Fixed telephone subscriptions (per 100 people)",0,0
"114",1967,"Asia","Mobile cellular subscriptions (per 100 people)",0,0
"115",1967,"Europe","Fixed broadband subscriptions (per 100 people)",0,0
"116",1967,"Europe","Fixed telephone subscriptions (per 100 people)",0,0
"117",1967,"Europe","Mobile cellular subscriptions (per 100 people)",0,0
"118",1967,"Oceania","Fixed broadband subscriptions (per 100 people)",0,0
"119",1967,"Oceania","Fixed telephone subscriptions (per 100 people)",0,0
"120",1967,"Oceania","Mobile cellular subscriptions (per 100 people)",0,0
"121",1968,"Africa","Fixed broadband subscriptions (per 100 people)",0,0
"122",1968,"Africa","Fixed telephone subscriptions (per 100 people)",0,0
"123",1968,"Africa","Mobile cellular subscriptions (per 100 people)",0,0
"124",1968,"Americas","Fixed broadband subscriptions (per 100 people)",0,0
"125",1968,"Americas","Fixed telephone subscriptions (per 100 people)",0,0
"126",1968,"Americas","Mobile cellular subscriptions (per 100 people)",0,0
"127",1968,"Asia","Fixed broadband subscriptions (per 100 people)",0,0
"128",1968,"Asia","Fixed telephone subscriptions (per 100 people)",0,0
"129",1968,"Asia","Mobile cellular subscriptions (per 100 people)",0,0
"130",1968,"Europe","Fixed broadband subscriptions (per 100 people)",0,0
"131",1968,"Europe","Fixed telephone subscriptions (per 100 people)",0,0
"132",1968,"Europe","Mobile cellular subscriptions (per 100 people)",0,0
"133",1968,"Oceania","Fixed broadband subscriptions (per 100 people)",0,0
"134",1968,"Oceania","Fixed telephone subscriptions (per 100 people)",0,0
"135",1968,"Oceania","Mobile cellular subscriptions (per 100 people)",0,0
"136",1969,"Africa","Fixed broadband subscriptions (per 100 people)",0,0
"137",1969,"Africa","Fixed telephone subscriptions (per 100 people)",0,0
"138",1969,"Africa","Mobile cellular subscriptions (per 100 people)",0,0
"139",1969,"Americas","Fixed broadband subscriptions (per 100 people)",0,0
"140",1969,"Americas","Fixed telephone subscriptions (per 100 people)",0,0
"141",1969,"Americas","Mobile cellular subscriptions (per 100 people)",0,0
"142",1969,"Asia","Fixed broadband subscriptions (per 100 people)",0,0
"143",1969,"Asia","Fixed telephone subscriptions (per 100 people)",0,0
"144",1969,"Asia","Mobile cellular subscriptions (per 100 people)",0,0
"145",1969,"Europe","Fixed broadband subscriptions (per 100 people)",0,0
"146",1969,"Europe","Fixed telephone subscriptions (per 100 people)",0,0
"147",1969,"Europe","Mobile cellular subscriptions (per 100 people)",0,0
"148",1969,"Oceania","Fixed broadband subscriptions (per 100 people)",0,0
"149",1969,"Oceania","Fixed telephone subscriptions (per 100 people)",0,0
"150",1969,"Oceania","Mobile cellular subscriptions (per 100 people)",0,0
"151",1970,"Africa","Fixed broadband subscriptions (per 100 people)",1868577,0
"152",1970,"Africa","Fixed telephone subscriptions (per 100 people)",1868577,58.718303205
"153",1970,"Africa","Mobile cellular subscriptions (per 100 people)",1868577,0
"154",1970,"Americas","Fixed broadband subscriptions (per 100 people)",80738642,0
"155",1970,"Americas","Fixed telephone subscriptions (per 100 people)",80738642,561.801838998
"156",1970,"Americas","Mobile cellular subscriptions (per 100 people)",80738642,0
"157",1970,"Asia","Fixed broadband subscriptions (per 100 people)",20625246,0
"158",1970,"Asia","Fixed telephone subscriptions (per 100 people)",20625246,236.388952446
"159",1970,"Asia","Mobile cellular subscriptions (per 100 people)",20625246,0
"160",1970,"Europe","Fixed broadband subscriptions (per 100 people)",51170973,0
"161",1970,"Europe","Fixed telephone subscriptions (per 100 people)",51170973,1374.03980901
"162",1970,"Europe","Mobile cellular subscriptions (per 100 people)",51170973,0
"163",1970,"Oceania","Fixed broadband subscriptions (per 100 people)",3581665,0
"164",1970,"Oceania","Fixed telephone subscriptions (per 100 people)",3581665,211.927984773
"165",1970,"Oceania","Mobile cellular subscriptions (per 100 people)",3581665,0
"166",1971,"Africa","Fixed broadband subscriptions (per 100 people)",0,0
"167",1971,"Africa","Fixed telephone subscriptions (per 100 people)",0,0
"168",1971,"Africa","Mobile cellular subscriptions (per 100 people)",0,0
"169",1971,"Americas","Fixed broadband subscriptions (per 100 people)",0,0
"170",1971,"Americas","Fixed telephone subscriptions (per 100 people)",0,0
"171",1971,"Americas","Mobile cellular subscriptions (per 100 people)",0,0
"172",1971,"Asia","Fixed broadband subscriptions (per 100 people)",0,0
"173",1971,"Asia","Fixed telephone subscriptions (per 100 people)",0,0
"174",1971,"Asia","Mobile cellular subscriptions (per 100 people)",0,0
"175",1971,"Europe","Fixed broadband subscriptions (per 100 people)",0,0
"176",1971,"Europe","Fixed telephone subscriptions (per 100 people)",0,0
"177",1971,"Europe","Mobile cellular subscriptions (per 100 people)",0,0
"178",1971,"Oceania","Fixed broadband subscriptions (per 100 people)",0,0
"179",1971,"Oceania","Fixed telephone subscriptions (per 100 people)",0,0
"180",1971,"Oceania","Mobile cellular subscriptions (per 100 people)",0,0
"181",1972,"Africa","Fixed broadband subscriptions (per 100 people)",0,0
"182",1972,"Africa","Fixed telephone subscriptions (per 100 people)",0,0
"183",1972,"Africa","Mobile cellular subscriptions (per 100 people)",0,0
"184",1972,"Americas","Fixed broadband subscriptions (per 100 people)",0,0
"185",1972,"Americas","Fixed telephone subscriptions (per 100 people)",0,0
"186",1972,"Americas","Mobile cellular subscriptions (per 100 people)",0,0
"187",1972,"Asia","Fixed broadband subscriptions (per 100 people)",0,0
"188",1972,"Asia","Fixed telephone subscriptions (per 100 people)",0,0
"189",1972,"Asia","Mobile cellular subscriptions (per 100 people)",0,0
"190",1972,"Europe","Fixed broadband subscriptions (per 100 people)",0,0
"191",1972,"Europe","Fixed telephone subscriptions (per 100 people)",0,0
"192",1972,"Europe","Mobile cellular subscriptions (per 100 people)",0,0
"193",1972,"Oceania","Fixed broadband subscriptions (per 100 people)",0,0
"194",1972,"Oceania","Fixed telephone subscriptions (per 100 people)",0,0
"195",1972,"Oceania","Mobile cellular subscriptions (per 100 people)",0,0
"196",1973,"Africa","Fixed broadband subscriptions (per 100 people)",0,0
"197",1973,"Africa","Fixed telephone subscriptions (per 100 people)",0,0
"198",1973,"Africa","Mobile cellular subscriptions (per 100 people)",0,0
"199",1973,"Americas","Fixed broadband subscriptions (per 100 people)",0,0
"200",1973,"Americas","Fixed telephone subscriptions (per 100 people)",0,0
"201",1973,"Americas","Mobile cellular subscriptions (per 100 people)",0,0
"202",1973,"Asia","Fixed broadband subscriptions (per 100 people)",0,0
"203",1973,"Asia","Fixed telephone subscriptions (per 100 people)",0,0
"204",1973,"Asia","Mobile cellular subscriptions (per 100 people)",0,0
"205",1973,"Europe","Fixed broadband subscriptions (per 100 people)",0,0
"206",1973,"Europe","Fixed telephone subscriptions (per 100 people)",0,0
"207",1973,"Europe","Mobile cellular subscriptions (per 100 people)",0,0
"208",1973,"Oceania","Fixed broadband subscriptions (per 100 people)",0,0
"209",1973,"Oceania","Fixed telephone subscriptions (per 100 people)",0,0
"210",1973,"Oceania","Mobile cellular subscriptions (per 100 people)",0,0
"211",1974,"Africa","Fixed broadband subscriptions (per 100 people)",0,0
"212",1974,"Africa","Fixed telephone subscriptions (per 100 people)",0,0
"213",1974,"Africa","Mobile cellular subscriptions (per 100 people)",0,0
"214",1974,"Americas","Fixed broadband subscriptions (per 100 people)",0,0
"215",1974,"Americas","Fixed telephone subscriptions (per 100 people)",0,0
"216",1974,"Americas","Mobile cellular subscriptions (per 100 people)",0,0
"217",1974,"Asia","Fixed broadband subscriptions (per 100 people)",0,0
"218",1974,"Asia","Fixed telephone subscriptions (per 100 people)",0,0
"219",1974,"Asia","Mobile cellular subscriptions (per 100 people)",0,0
"220",1974,"Europe","Fixed broadband subscriptions (per 100 people)",0,0
"221",1974,"Europe","Fixed telephone subscriptions (per 100 people)",0,0
"222",1974,"Europe","Mobile cellular subscriptions (per 100 people)",0,0
"223",1974,"Oceania","Fixed broadband subscriptions (per 100 people)",0,0
"224",1974,"Oceania","Fixed telephone subscriptions (per 100 people)",0,0
"225",1974,"Oceania","Mobile cellular subscriptions (per 100 people)",0,0
"226",1975,"Africa","Fixed broadband subscriptions (per 100 people)",2355439,0
"227",1975,"Africa","Fixed telephone subscriptions (per 100 people)",2355439,73.571018532
"228",1975,"Africa","Mobile cellular subscriptions (per 100 people)",2355439,0
"229",1975,"Americas","Fixed broadband subscriptions (per 100 people)",97213674,0
"230",1975,"Americas","Fixed telephone subscriptions (per 100 people)",97213674,766.836737349
"231",1975,"Americas","Mobile cellular subscriptions (per 100 people)",97213674,0
"232",1975,"Asia","Fixed broadband subscriptions (per 100 people)",42953167,0
"233",1975,"Asia","Fixed telephone subscriptions (per 100 people)",42953167,461.061983874
"234",1975,"Asia","Mobile cellular subscriptions (per 100 people)",42953167,0
"235",1975,"Europe","Fixed broadband subscriptions (per 100 people)",81229713,0
"236",1975,"Europe","Fixed telephone subscriptions (per 100 people)",81229713,1849.794970836
"237",1975,"Europe","Mobile cellular subscriptions (per 100 people)",81229713,0
"238",1975,"Oceania","Fixed broadband subscriptions (per 100 people)",4590004,0
"239",1975,"Oceania","Fixed telephone subscriptions (per 100 people)",4590004,312.388705026
"240",1975,"Oceania","Mobile cellular subscriptions (per 100 people)",4590004,0
"241",1976,"Africa","Fixed broadband subscriptions (per 100 people)",2518334,0
"242",1976,"Africa","Fixed telephone subscriptions (per 100 people)",2518334,75.906120048
"243",1976,"Africa","Mobile cellular subscriptions (per 100 people)",2518334,0
"244",1976,"Americas","Fixed broadband subscriptions (per 100 people)",100787476,0
"245",1976,"Americas","Fixed telephone subscriptions (per 100 people)",100787476,796.21305852
"246",1976,"Americas","Mobile cellular subscriptions (per 100 people)",100787476,0
"247",1976,"Asia","Fixed broadband subscriptions (per 100 people)",46190748,0
"248",1976,"Asia","Fixed telephone subscriptions (per 100 people)",46190748,504.382350477
"249",1976,"Asia","Mobile cellular subscriptions (per 100 people)",46190748,0
"250",1976,"Europe","Fixed broadband subscriptions (per 100 people)",88047610,0
"251",1976,"Europe","Fixed telephone subscriptions (per 100 people)",88047610,1969.82567217
"252",1976,"Europe","Mobile cellular subscriptions (per 100 people)",88047610,0
"253",1976,"Oceania","Fixed broadband subscriptions (per 100 people)",4821977,0
"254",1976,"Oceania","Fixed telephone subscriptions (per 100 people)",4821977,333.057809544
"255",1976,"Oceania","Mobile cellular subscriptions (per 100 people)",4821977,0
"256",1977,"Africa","Fixed broadband subscriptions (per 100 people)",2686843,0
"257",1977,"Africa","Fixed telephone subscriptions (per 100 people)",2686843,80.8924443
"258",1977,"Africa","Mobile cellular subscriptions (per 100 people)",2686843,0
"259",1977,"Americas","Fixed broadband subscriptions (per 100 people)",104739751,0
"260",1977,"Americas","Fixed telephone subscriptions (per 100 people)",104739751,819.965409864
"261",1977,"Americas","Mobile cellular subscriptions (per 100 people)",104739751,0
"262",1977,"Asia","Fixed broadband subscriptions (per 100 people)",48831004,0
"263",1977,"Asia","Fixed telephone subscriptions (per 100 people)",48831004,563.899079667
"264",1977,"Asia","Mobile cellular subscriptions (per 100 people)",48831004,0
"265",1977,"Europe","Fixed broadband subscriptions (per 100 people)",96540893,0
"266",1977,"Europe","Fixed telephone subscriptions (per 100 people)",96540893,2094.048013908
"267",1977,"Europe","Mobile cellular subscriptions (per 100 people)",96540893,0
"268",1977,"Oceania","Fixed broadband subscriptions (per 100 people)",5049223,0
"269",1977,"Oceania","Fixed telephone subscriptions (per 100 people)",5049223,341.596863471
"270",1977,"Oceania","Mobile cellular subscriptions (per 100 people)",5049223,0
"271",1978,"Africa","Fixed broadband subscriptions (per 100 people)",2857563,0
"272",1978,"Africa","Fixed telephone subscriptions (per 100 people)",2857563,84.447354333
"273",1978,"Africa","Mobile cellular subscriptions (per 100 people)",2857563,0
"274",1978,"Americas","Fixed broadband subscriptions (per 100 people)",109381577,0
"275",1978,"Americas","Fixed telephone subscriptions (per 100 people)",109381577,878.717654622
"276",1978,"Americas","Mobile cellular subscriptions (per 100 people)",109381577,0
"277",1978,"Asia","Fixed broadband subscriptions (per 100 people)",51572320,0
"278",1978,"Asia","Fixed telephone subscriptions (per 100 people)",51572320,611.405706756
"279",1978,"Asia","Mobile cellular subscriptions (per 100 people)",51572320,0
"280",1978,"Europe","Fixed broadband subscriptions (per 100 people)",105084235,0
"281",1978,"Europe","Fixed telephone subscriptions (per 100 people)",105084235,2213.581134132
"282",1978,"Europe","Mobile cellular subscriptions (per 100 people)",105084235,0
"283",1978,"Oceania","Fixed broadband subscriptions (per 100 people)",5335473,0
"284",1978,"Oceania","Fixed telephone subscriptions (per 100 people)",5335473,355.237197306
"285",1978,"Oceania","Mobile cellular subscriptions (per 100 people)",5335473,0
"286",1979,"Africa","Fixed broadband subscriptions (per 100 people)",3104209,0
"287",1979,"Africa","Fixed telephone subscriptions (per 100 people)",3104209,88.707951756
"288",1979,"Africa","Mobile cellular subscriptions (per 100 people)",3104209,0
"289",1979,"Americas","Fixed broadband subscriptions (per 100 people)",113606888,0
"290",1979,"Americas","Fixed telephone subscriptions (per 100 people)",113606888,900.936534273
"291",1979,"Americas","Mobile cellular subscriptions (per 100 people)",113606888,0
"292",1979,"Asia","Fixed broadband subscriptions (per 100 people)",54500988,0
"293",1979,"Asia","Fixed telephone subscriptions (per 100 people)",54500988,669.566020248
"294",1979,"Asia","Mobile cellular subscriptions (per 100 people)",54500988,0
"295",1979,"Europe","Fixed broadband subscriptions (per 100 people)",115505129,0
"296",1979,"Europe","Fixed telephone subscriptions (per 100 people)",115505129,2392.684813305
"297",1979,"Europe","Mobile cellular subscriptions (per 100 people)",115505129,0
"298",1979,"Oceania","Fixed broadband subscriptions (per 100 people)",5644480,0
"299",1979,"Oceania","Fixed telephone subscriptions (per 100 people)",5644480,391.343891517
"300",1979,"Oceania","Mobile cellular subscriptions (per 100 people)",5644480,0
"301",1980,"Africa","Fixed broadband subscriptions (per 100 people)",2966210,0
"302",1980,"Africa","Fixed telephone subscriptions (per 100 people)",2966210,95.135113014
"303",1980,"Africa","Mobile cellular subscriptions (per 100 people)",2966210,0
"304",1980,"Americas","Fixed broadband subscriptions (per 100 people)",118211830,0
"305",1980,"Americas","Fixed telephone subscriptions (per 100 people)",118211830,959.804975913
"306",1980,"Americas","Mobile cellular subscriptions (per 100 people)",118211830,0
"307",1980,"Asia","Fixed broadband subscriptions (per 100 people)",57627762,0
"308",1980,"Asia","Fixed telephone subscriptions (per 100 people)",57627762,733.84625589
"309",1980,"Asia","Mobile cellular subscriptions (per 100 people)",57627762,0
"310",1980,"Europe","Fixed broadband subscriptions (per 100 people)",123740119,0
"311",1980,"Europe","Fixed telephone subscriptions (per 100 people)",123740119,2518.0510047
"312",1980,"Europe","Mobile cellular subscriptions (per 100 people)",123740119,1.47122859
"313",1980,"Oceania","Fixed broadband subscriptions (per 100 people)",5979233,0
"314",1980,"Oceania","Fixed telephone subscriptions (per 100 people)",5979233,343.257608973
"315",1980,"Oceania","Mobile cellular subscriptions (per 100 people)",5979233,0
"316",1981,"Africa","Fixed broadband subscriptions (per 100 people)",3961374.1,0
"317",1981,"Africa","Fixed telephone subscriptions (per 100 people)",3961374.1,121.626500463
"318",1981,"Africa","Mobile cellular subscriptions (per 100 people)",3961374.1,0
"319",1981,"Americas","Fixed broadband subscriptions (per 100 people)",131327520,0
"320",1981,"Americas","Fixed telephone subscriptions (per 100 people)",131327520,963.656305584
"321",1981,"Americas","Mobile cellular subscriptions (per 100 people)",131327520,0
"322",1981,"Asia","Fixed broadband subscriptions (per 100 people)",60121390,0
"323",1981,"Asia","Fixed telephone subscriptions (per 100 people)",60121390,802.656339783
"324",1981,"Asia","Mobile cellular subscriptions (per 100 people)",60121390,0.033541689
"325",1981,"Europe","Fixed broadband subscriptions (per 100 people)",132092599,0
"326",1981,"Europe","Fixed telephone subscriptions (per 100 people)",132092599,2661.394781229
"327",1981,"Europe","Mobile cellular subscriptions (per 100 people)",132092599,2.619717249
"328",1981,"Oceania","Fixed broadband subscriptions (per 100 people)",6353816,0
"329",1981,"Oceania","Fixed telephone subscriptions (per 100 people)",6353816,416.434011366
"330",1981,"Oceania","Mobile cellular subscriptions (per 100 people)",6353816,0
"331",1982,"Africa","Fixed broadband subscriptions (per 100 people)",4299623,0
"332",1982,"Africa","Fixed telephone subscriptions (per 100 people)",4299623,132.682998429
"333",1982,"Africa","Mobile cellular subscriptions (per 100 people)",4299623,0
"334",1982,"Americas","Fixed broadband subscriptions (per 100 people)",134600776,0
"335",1982,"Americas","Fixed telephone subscriptions (per 100 people)",134600776,1069.357190544
"336",1982,"Americas","Mobile cellular subscriptions (per 100 people)",134600776,0
"337",1982,"Asia","Fixed broadband subscriptions (per 100 people)",64176084,0
"338",1982,"Asia","Fixed telephone subscriptions (per 100 people)",64176084,923.497703529
"339",1982,"Asia","Mobile cellular subscriptions (per 100 people)",64176084,0.649773336
"340",1982,"Europe","Fixed broadband subscriptions (per 100 people)",139024278,0
"341",1982,"Europe","Fixed telephone subscriptions (per 100 people)",139024278,2780.882099799
"342",1982,"Europe","Mobile cellular subscriptions (per 100 people)",139024278,4.311584451
"343",1982,"Oceania","Fixed broadband subscriptions (per 100 people)",6678480,0
"344",1982,"Oceania","Fixed telephone subscriptions (per 100 people)",6678480,472.88159154
"345",1982,"Oceania","Mobile cellular subscriptions (per 100 people)",6678480,0
"346",1983,"Africa","Fixed broadband subscriptions (per 100 people)",4698146,0
"347",1983,"Africa","Fixed telephone subscriptions (per 100 people)",4698146,141.537334323
"348",1983,"Africa","Mobile cellular subscriptions (per 100 people)",4698146,0
"349",1983,"Americas","Fixed broadband subscriptions (per 100 people)",138684255,0
"350",1983,"Americas","Fixed telephone subscriptions (per 100 people)",138684255,1146.56757483
"351",1983,"Americas","Mobile cellular subscriptions (per 100 people)",138684255,0
"352",1983,"Asia","Fixed broadband subscriptions (per 100 people)",68314484,0
"353",1983,"Asia","Fixed telephone subscriptions (per 100 people)",68314484,985.9459263
"354",1983,"Asia","Mobile cellular subscriptions (per 100 people)",68314484,0.93811227
"355",1983,"Europe","Fixed broadband subscriptions (per 100 people)",146456516,0
"356",1983,"Europe","Fixed telephone subscriptions (per 100 people)",146456516,3104.086604994
"357",1983,"Europe","Mobile cellular subscriptions (per 100 people)",146456516,6.562830057
"358",1983,"Oceania","Fixed broadband subscriptions (per 100 people)",6954094,0
"359",1983,"Oceania","Fixed telephone subscriptions (per 100 people)",6954094,499.215680868
"360",1983,"Oceania","Mobile cellular subscriptions (per 100 people)",6954094,0
"361",1984,"Africa","Fixed broadband subscriptions (per 100 people)",4965074,0
"362",1984,"Africa","Fixed telephone subscriptions (per 100 people)",4965074,150.953175048
"363",1984,"Africa","Mobile cellular subscriptions (per 100 people)",4965074,0
"364",1984,"Americas","Fixed broadband subscriptions (per 100 people)",143514687,0
"365",1984,"Americas","Fixed telephone subscriptions (per 100 people)",143514687,1395.518803887
"366",1984,"Americas","Mobile cellular subscriptions (per 100 people)",143514687,0.115337715
"367",1984,"Asia","Fixed broadband subscriptions (per 100 people)",72095260,0
"368",1984,"Asia","Fixed telephone subscriptions (per 100 people)",72095260,1047.052183626
"369",1984,"Asia","Mobile cellular subscriptions (per 100 people)",72095260,1.305229047
"370",1984,"Europe","Fixed broadband subscriptions (per 100 people)",153721718,0
"371",1984,"Europe","Fixed telephone subscriptions (per 100 people)",153721718,3233.770505004
"372",1984,"Europe","Mobile cellular subscriptions (per 100 people)",153721718,9.900342129
"373",1984,"Oceania","Fixed broadband subscriptions (per 100 people)",7255394,0
"374",1984,"Oceania","Fixed telephone subscriptions (per 100 people)",7255394,508.704209418
"375",1984,"Oceania","Mobile cellular subscriptions (per 100 people)",7255394,0
"376",1985,"Africa","Fixed broadband subscriptions (per 100 people)",5564503,0
"377",1985,"Africa","Fixed telephone subscriptions (per 100 people)",5564503,159.724603362
"378",1985,"Africa","Mobile cellular subscriptions (per 100 people)",5564503,0
"379",1985,"Americas","Fixed broadband subscriptions (per 100 people)",149289958,0
"380",1985,"Americas","Fixed telephone subscriptions (per 100 people)",149289958,1486.884808947
"381",1985,"Americas","Mobile cellular subscriptions (per 100 people)",149289958,0.564216438
"382",1985,"Asia","Fixed broadband subscriptions (per 100 people)",76501472,0
"383",1985,"Asia","Fixed telephone subscriptions (per 100 people)",76501472,1111.616710395
"384",1985,"Asia","Mobile cellular subscriptions (per 100 people)",76501472,2.155935555
"385",1985,"Europe","Fixed broadband subscriptions (per 100 people)",161037892,0
"386",1985,"Europe","Fixed telephone subscriptions (per 100 people)",161037892,3417.214134936
"387",1985,"Europe","Mobile cellular subscriptions (per 100 people)",161037892,14.858508762
"388",1985,"Oceania","Fixed broadband subscriptions (per 100 people)",7635160,0
"389",1985,"Oceania","Fixed telephone subscriptions (per 100 people)",7635160,524.479129404
"390",1985,"Oceania","Mobile cellular subscriptions (per 100 people)",7635160,0
"391",1986,"Africa","Fixed broadband subscriptions (per 100 people)",6159928,0
"392",1986,"Africa","Fixed telephone subscriptions (per 100 people)",6159928,172.255294584
"393",1986,"Africa","Mobile cellular subscriptions (per 100 people)",6159928,0
"394",1986,"Americas","Fixed broadband subscriptions (per 100 people)",153490957,0
"395",1986,"Americas","Fixed telephone subscriptions (per 100 people)",153490957,1544.501706855
"396",1986,"Americas","Mobile cellular subscriptions (per 100 people)",153490957,1.532883732
"397",1986,"Asia","Fixed broadband subscriptions (per 100 people)",81663542,0
"398",1986,"Asia","Fixed telephone subscriptions (per 100 people)",81663542,1172.731511499
"399",1986,"Asia","Mobile cellular subscriptions (per 100 people)",81663542,5.294962461
"400",1986,"Europe","Fixed broadband subscriptions (per 100 people)",167968014,0
"401",1986,"Europe","Fixed telephone subscriptions (per 100 people)",167968014,3517.790720466
"402",1986,"Europe","Mobile cellular subscriptions (per 100 people)",167968014,24.543874077
"403",1986,"Oceania","Fixed broadband subscriptions (per 100 people)",7985912,0
"404",1986,"Oceania","Fixed telephone subscriptions (per 100 people)",7985912,522.831784908
"405",1986,"Oceania","Mobile cellular subscriptions (per 100 people)",7985912,0
"406",1987,"Africa","Fixed broadband subscriptions (per 100 people)",6524560,0
"407",1987,"Africa","Fixed telephone subscriptions (per 100 people)",6524560,180.708669651
"408",1987,"Africa","Mobile cellular subscriptions (per 100 people)",6524560,0.024652311
"409",1987,"Americas","Fixed broadband subscriptions (per 100 people)",160345558,0
"410",1987,"Americas","Fixed telephone subscriptions (per 100 people)",160345558,1659.074304375
"411",1987,"Americas","Mobile cellular subscriptions (per 100 people)",160345558,2.977296624
"412",1987,"Asia","Fixed broadband subscriptions (per 100 people)",87622213,0
"413",1987,"Asia","Fixed telephone subscriptions (per 100 people)",87622213,1246.049173809
"414",1987,"Asia","Mobile cellular subscriptions (per 100 people)",87622213,8.625198717
"415",1987,"Europe","Fixed broadband subscriptions (per 100 people)",175824451,0
"416",1987,"Europe","Fixed telephone subscriptions (per 100 people)",175824451,3660.050471358
"417",1987,"Europe","Mobile cellular subscriptions (per 100 people)",175824451,36.451711128
"418",1987,"Oceania","Fixed broadband subscriptions (per 100 people)",8357739,0
"419",1987,"Oceania","Fixed telephone subscriptions (per 100 people)",8357739,537.150740202
"420",1987,"Oceania","Mobile cellular subscriptions (per 100 people)",8357739,0.299466441
"421",1988,"Africa","Fixed broadband subscriptions (per 100 people)",7012698,0
"422",1988,"Africa","Fixed telephone subscriptions (per 100 people)",7012698,192.238326498
"423",1988,"Africa","Mobile cellular subscriptions (per 100 people)",7012698,0.033555798
"424",1988,"Americas","Fixed broadband subscriptions (per 100 people)",167608798,0
"425",1988,"Americas","Fixed telephone subscriptions (per 100 people)",167608798,1788.617998206
"426",1988,"Americas","Mobile cellular subscriptions (per 100 people)",167608798,5.592053766
"427",1988,"Asia","Fixed broadband subscriptions (per 100 people)",95309295,0
"428",1988,"Asia","Fixed telephone subscriptions (per 100 people)",95309295,1335.636970158
"429",1988,"Asia","Mobile cellular subscriptions (per 100 people)",95309295,12.669401856
"430",1988,"Europe","Fixed broadband subscriptions (per 100 people)",184954925,0
"431",1988,"Europe","Fixed telephone subscriptions (per 100 people)",184954925,3806.703873174
"432",1988,"Europe","Mobile cellular subscriptions (per 100 people)",184954925,50.797591755
"433",1988,"Oceania","Fixed broadband subscriptions (per 100 people)",8715216,0
"434",1988,"Oceania","Fixed telephone subscriptions (per 100 people)",8715216,555.873241659
"435",1988,"Oceania","Mobile cellular subscriptions (per 100 people)",8715216,1.476760149
"436",1989,"Africa","Fixed broadband subscriptions (per 100 people)",7671691.5,0
"437",1989,"Africa","Fixed telephone subscriptions (per 100 people)",7671691.5,202.038609126
"438",1989,"Africa","Mobile cellular subscriptions (per 100 people)",7671691.5,0.08534145
"439",1989,"Americas","Fixed broadband subscriptions (per 100 people)",175638795,0
"440",1989,"Americas","Fixed telephone subscriptions (per 100 people)",175638795,1914.176701857
"441",1989,"Americas","Mobile cellular subscriptions (per 100 people)",175638795,12.928687962
"442",1989,"Asia","Fixed broadband subscriptions (per 100 people)",103193539,0
"443",1989,"Asia","Fixed telephone subscriptions (per 100 people)",103193539,1418.365767963
"444",1989,"Asia","Mobile cellular subscriptions (per 100 people)",103193539,22.400546409
"445",1989,"Europe","Fixed broadband subscriptions (per 100 people)",195229963,0
"446",1989,"Europe","Fixed telephone subscriptions (per 100 people)",195229963,3976.814578077
"447",1989,"Europe","Mobile cellular subscriptions (per 100 people)",195229963,68.670858339
"448",1989,"Oceania","Fixed broadband subscriptions (per 100 people)",9177444,0
"449",1989,"Oceania","Fixed telephone subscriptions (per 100 people)",9177444,579.251511969
"450",1989,"Oceania","Mobile cellular subscriptions (per 100 people)",9177444,4.276326891
"451",1990,"Africa","Fixed broadband subscriptions (per 100 people)",8404681,0
"452",1990,"Africa","Fixed telephone subscriptions (per 100 people)",8404681,215.531973156
"453",1990,"Africa","Mobile cellular subscriptions (per 100 people)",8404681,0.743851212
"454",1990,"Americas","Fixed broadband subscriptions (per 100 people)",185081350,0
"455",1990,"Americas","Fixed telephone subscriptions (per 100 people)",185081350,2078.722321239
"456",1990,"Americas","Mobile cellular subscriptions (per 100 people)",185081350,23.504125071
"457",1990,"Asia","Fixed broadband subscriptions (per 100 people)",111850847,0
"458",1990,"Asia","Fixed telephone subscriptions (per 100 people)",111850847,1502.513985198
"459",1990,"Asia","Mobile cellular subscriptions (per 100 people)",111850847,38.330065908
"460",1990,"Europe","Fixed broadband subscriptions (per 100 people)",207373549,0
"461",1990,"Europe","Fixed telephone subscriptions (per 100 people)",207373549,4223.654342448
"462",1990,"Europe","Mobile cellular subscriptions (per 100 people)",207373549,90.603160119
"463",1990,"Oceania","Fixed broadband subscriptions (per 100 people)",9699860,0
"464",1990,"Oceania","Fixed telephone subscriptions (per 100 people)",9699860,607.602448812
"465",1990,"Oceania","Mobile cellular subscriptions (per 100 people)",9699860,8.04737952
"466",1991,"Africa","Fixed broadband subscriptions (per 100 people)",9069832,0
"467",1991,"Africa","Fixed telephone subscriptions (per 100 people)",9069832,229.794871578
"468",1991,"Africa","Mobile cellular subscriptions (per 100 people)",9069832,0.89818479
"469",1991,"Americas","Fixed broadband subscriptions (per 100 people)",193792380,0
"470",1991,"Americas","Fixed telephone subscriptions (per 100 people)",193792380,2151.585612804
"471",1991,"Americas","Mobile cellular subscriptions (per 100 people)",193792380,39.408046281
"472",1991,"Asia","Fixed broadband subscriptions (per 100 people)",121613653,0
"473",1991,"Asia","Fixed telephone subscriptions (per 100 people)",121613653,1577.749837116
"474",1991,"Asia","Mobile cellular subscriptions (per 100 people)",121613653,57.897037248
"475",1991,"Europe","Fixed broadband subscriptions (per 100 people)",217701287,0
"476",1991,"Europe","Fixed telephone subscriptions (per 100 people)",217701287,4401.103987308
"477",1991,"Europe","Mobile cellular subscriptions (per 100 people)",217701287,126.601141842
"478",1991,"Oceania","Fixed broadband subscriptions (per 100 people)",10127655,0
"479",1991,"Oceania","Fixed telephone subscriptions (per 100 people)",10127655,629.706717009
"480",1991,"Oceania","Mobile cellular subscriptions (per 100 people)",10127655,13.328181624
"481",1992,"Africa","Fixed broadband subscriptions (per 100 people)",9709723,0
"482",1992,"Africa","Fixed telephone subscriptions (per 100 people)",9709723,247.564937274
"483",1992,"Africa","Mobile cellular subscriptions (per 100 people)",9709723,1.252245285
"484",1992,"Americas","Fixed broadband subscriptions (per 100 people)",205313841,0
"485",1992,"Americas","Fixed telephone subscriptions (per 100 people)",205313841,2339.814448083
"486",1992,"Americas","Mobile cellular subscriptions (per 100 people)",205313841,61.496073783
"487",1992,"Asia","Fixed broadband subscriptions (per 100 people)",132792808,0
"488",1992,"Asia","Fixed telephone subscriptions (per 100 people)",132792808,1678.02492555
"489",1992,"Asia","Mobile cellular subscriptions (per 100 people)",132792808,79.070365506
"490",1992,"Europe","Fixed broadband subscriptions (per 100 people)",227914886,0
"491",1992,"Europe","Fixed telephone subscriptions (per 100 people)",227914886,4661.117376795
"492",1992,"Europe","Mobile cellular subscriptions (per 100 people)",227914886,172.606665741
"493",1992,"Oceania","Fixed broadband subscriptions (per 100 people)",10647428,0
"494",1992,"Oceania","Fixed telephone subscriptions (per 100 people)",10647428,739.515399942
"495",1992,"Oceania","Mobile cellular subscriptions (per 100 people)",10647428,24.212746836
"496",1993,"Africa","Fixed broadband subscriptions (per 100 people)",10551796,0
"497",1993,"Africa","Fixed telephone subscriptions (per 100 people)",10551796,270.309976719
"498",1993,"Africa","Mobile cellular subscriptions (per 100 people)",10551796,2.242433088
"499",1993,"Americas","Fixed broadband subscriptions (per 100 people)",219310512,0
"500",1993,"Americas","Fixed telephone subscriptions (per 100 people)",219310512,2456.295039591
"501",1993,"Americas","Mobile cellular subscriptions (per 100 people)",219310512,91.177657575
"502",1993,"Asia","Fixed broadband subscriptions (per 100 people)",148784063,0
"503",1993,"Asia","Fixed telephone subscriptions (per 100 people)",148784063,1777.161402408
"504",1993,"Asia","Mobile cellular subscriptions (per 100 people)",148784063,111.44604345
"505",1993,"Europe","Fixed broadband subscriptions (per 100 people)",238465498,0
"506",1993,"Europe","Fixed telephone subscriptions (per 100 people)",238465498,4799.014882392
"507",1993,"Europe","Mobile cellular subscriptions (per 100 people)",238465498,242.141377341
"508",1993,"Oceania","Fixed broadband subscriptions (per 100 people)",11269136,0
"509",1993,"Oceania","Fixed telephone subscriptions (per 100 people)",11269136,835.682776065
"510",1993,"Oceania","Mobile cellular subscriptions (per 100 people)",11269136,42.419427861
"511",1994,"Africa","Fixed broadband subscriptions (per 100 people)",11739661,0
"512",1994,"Africa","Fixed telephone subscriptions (per 100 people)",11739661,294.132421857
"513",1994,"Africa","Mobile cellular subscriptions (per 100 people)",11739661,5.566487589
"514",1994,"Americas","Fixed broadband subscriptions (per 100 people)",239080909,0
"515",1994,"Americas","Fixed telephone subscriptions (per 100 people)",239080909,2608.085539653
"516",1994,"Americas","Mobile cellular subscriptions (per 100 people)",239080909,138.918425694
"517",1994,"Asia","Fixed broadband subscriptions (per 100 people)",173324096,0
"518",1994,"Asia","Fixed telephone subscriptions (per 100 people)",173324096,1868.666461593
"519",1994,"Asia","Mobile cellular subscriptions (per 100 people)",173324096,174.332109348
"520",1994,"Europe","Fixed broadband subscriptions (per 100 people)",252248855,0
"521",1994,"Europe","Fixed telephone subscriptions (per 100 people)",252248855,4921.472846016
"522",1994,"Europe","Mobile cellular subscriptions (per 100 people)",252248855,376.009672422
"523",1994,"Oceania","Fixed broadband subscriptions (per 100 people)",12289317,0
"524",1994,"Oceania","Fixed telephone subscriptions (per 100 people)",12289317,878.779224003
"525",1994,"Oceania","Mobile cellular subscriptions (per 100 people)",12289317,76.151507238
"526",1995,"Africa","Fixed broadband subscriptions (per 100 people)",12972109,0
"527",1995,"Africa","Fixed telephone subscriptions (per 100 people)",12972109,318.147507273
"528",1995,"Africa","Mobile cellular subscriptions (per 100 people)",12972109,10.457633898
"529",1995,"Americas","Fixed broadband subscriptions (per 100 people)",261231571,0
"530",1995,"Americas","Fixed telephone subscriptions (per 100 people)",261231571,2755.329970644
"531",1995,"Americas","Mobile cellular subscriptions (per 100 people)",261231571,217.158628509
"532",1995,"Asia","Fixed broadband subscriptions (per 100 people)",210066244,0
"533",1995,"Asia","Fixed telephone subscriptions (per 100 people)",210066244,1953.939079182
"534",1995,"Asia","Mobile cellular subscriptions (per 100 people)",210066244,318.729561963
"535",1995,"Europe","Fixed broadband subscriptions (per 100 people)",271128544,0
"536",1995,"Europe","Fixed telephone subscriptions (per 100 people)",271128544,5110.467132861
"537",1995,"Europe","Mobile cellular subscriptions (per 100 people)",271128544,587.203730874
"538",1995,"Oceania","Fixed broadband subscriptions (per 100 people)",13574544,0
"539",1995,"Oceania","Fixed telephone subscriptions (per 100 people)",13574544,906.277609083
"540",1995,"Oceania","Mobile cellular subscriptions (per 100 people)",13574544,113.055228609
"541",1996,"Africa","Fixed broadband subscriptions (per 100 people)",14582091,0
"542",1996,"Africa","Fixed telephone subscriptions (per 100 people)",14582091,356.432980284
"543",1996,"Africa","Mobile cellular subscriptions (per 100 people)",14582091,22.900918548
"544",1996,"Americas","Fixed broadband subscriptions (per 100 people)",287028859,0
"545",1996,"Americas","Fixed telephone subscriptions (per 100 people)",287028859,2729.109908769
"546",1996,"Americas","Mobile cellular subscriptions (per 100 people)",287028859,299.630784297
"547",1996,"Asia","Fixed broadband subscriptions (per 100 people)",260056176,0
"548",1996,"Asia","Fixed telephone subscriptions (per 100 people)",260056176,2049.809088411
"549",1996,"Asia","Mobile cellular subscriptions (per 100 people)",260056176,509.906986248
"550",1996,"Europe","Fixed broadband subscriptions (per 100 people)",294685090,0
"551",1996,"Europe","Fixed telephone subscriptions (per 100 people)",294685090,5312.99531217
"552",1996,"Europe","Mobile cellular subscriptions (per 100 people)",294685090,891.245054472
"553",1996,"Oceania","Fixed broadband subscriptions (per 100 people)",15754947,0
"554",1996,"Oceania","Fixed telephone subscriptions (per 100 people)",15754947,938.493176469
"555",1996,"Oceania","Mobile cellular subscriptions (per 100 people)",15754947,153.378188646
"556",1997,"Africa","Fixed broadband subscriptions (per 100 people)",17059886,0
"557",1997,"Africa","Fixed telephone subscriptions (per 100 people)",17059886,401.930988324
"558",1997,"Africa","Mobile cellular subscriptions (per 100 people)",17059886,44.710478607
"559",1997,"Americas","Fixed broadband subscriptions (per 100 people)",318685941,0
"560",1997,"Americas","Fixed telephone subscriptions (per 100 people)",318685941,3073.329259914
"561",1997,"Americas","Mobile cellular subscriptions (per 100 people)",318685941,464.308758393
"562",1997,"Asia","Fixed broadband subscriptions (per 100 people)",314268631,0
"563",1997,"Asia","Fixed telephone subscriptions (per 100 people)",314268631,2137.928771676
"564",1997,"Asia","Mobile cellular subscriptions (per 100 people)",314268631,762.727573584
"565",1997,"Europe","Fixed broadband subscriptions (per 100 people)",328020053,0
"566",1997,"Europe","Fixed telephone subscriptions (per 100 people)",328020053,5524.362689214
"567",1997,"Europe","Mobile cellular subscriptions (per 100 people)",328020053,1349.547278784
"568",1997,"Oceania","Fixed broadband subscriptions (per 100 people)",16672565,0
"569",1997,"Oceania","Fixed telephone subscriptions (per 100 people)",16672565,951.919786854
"570",1997,"Oceania","Mobile cellular subscriptions (per 100 people)",16672565,182.407505082
"571",1998,"Africa","Fixed broadband subscriptions (per 100 people)",20628742,0
"572",1998,"Africa","Fixed telephone subscriptions (per 100 people)",20628742,438.505580871
"573",1998,"Africa","Mobile cellular subscriptions (per 100 people)",20628742,84.953301219
"574",1998,"Americas","Fixed broadband subscriptions (per 100 people)",355341187,2.170319772
"575",1998,"Americas","Fixed telephone subscriptions (per 100 people)",355341187,3233.387707335
"576",1998,"Americas","Mobile cellular subscriptions (per 100 people)",355341187,673.340584413
"577",1998,"Asia","Fixed broadband subscriptions (per 100 people)",369574686,1.456927452
"578",1998,"Asia","Fixed telephone subscriptions (per 100 people)",369574686,2194.647147654
"579",1998,"Asia","Mobile cellular subscriptions (per 100 people)",369574686,1039.614584859
"580",1998,"Europe","Fixed broadband subscriptions (per 100 people)",378183430,1.827728334
"581",1998,"Europe","Fixed telephone subscriptions (per 100 people)",378183430,5680.076145861
"582",1998,"Europe","Mobile cellular subscriptions (per 100 people)",378183430,2237.192000373
"583",1998,"Oceania","Fixed broadband subscriptions (per 100 people)",17502862,0
"584",1998,"Oceania","Fixed telephone subscriptions (per 100 people)",17502862,969.476855289
"585",1998,"Oceania","Mobile cellular subscriptions (per 100 people)",17502862,241.894169373
"586",1999,"Africa","Fixed broadband subscriptions (per 100 people)",25826630,0
"587",1999,"Africa","Fixed telephone subscriptions (per 100 people)",25826630,469.466434914
"588",1999,"Africa","Mobile cellular subscriptions (per 100 people)",25826630,192.295615737
"589",1999,"Americas","Fixed broadband subscriptions (per 100 people)",413269232,8.741349531
"590",1999,"Americas","Fixed telephone subscriptions (per 100 people)",413269232,3396.829902771
"591",1999,"Americas","Mobile cellular subscriptions (per 100 people)",413269232,1058.426046795
"592",1999,"Asia","Fixed broadband subscriptions (per 100 people)",458325272,8.572665072
"593",1999,"Asia","Fixed telephone subscriptions (per 100 people)",458325272,2289.061917261
"594",1999,"Asia","Mobile cellular subscriptions (per 100 people)",458325272,1447.118949156
"595",1999,"Europe","Fixed broadband subscriptions (per 100 people)",458763545,2.946673353
"596",1999,"Europe","Fixed telephone subscriptions (per 100 people)",458763545,5800.013850045
"597",1999,"Europe","Mobile cellular subscriptions (per 100 people)",458763545,3538.034241795
"598",1999,"Oceania","Fixed broadband subscriptions (per 100 people)",19814519,0
"599",1999,"Oceania","Fixed telephone subscriptions (per 100 people)",19814519,976.736462094
"600",1999,"Oceania","Mobile cellular subscriptions (per 100 people)",19814519,385.363529148
"601",2000,"Africa","Fixed broadband subscriptions (per 100 people)",34832676,0.00227712
"602",2000,"Africa","Fixed telephone subscriptions (per 100 people)",34832676,497.910348597
"603",2000,"Africa","Mobile cellular subscriptions (per 100 people)",34832676,409.651464579
"604",2000,"Americas","Fixed broadband subscriptions (per 100 people)",480317354,22.263398835
"605",2000,"Americas","Fixed telephone subscriptions (per 100 people)",480317354,3537.064182771
"606",2000,"Americas","Mobile cellular subscriptions (per 100 people)",480317354,1574.794292679
"607",2000,"Asia","Fixed broadband subscriptions (per 100 people)",590223401,54.652940325
"608",2000,"Asia","Fixed telephone subscriptions (per 100 people)",590223401,2322.365152263
"609",2000,"Asia","Mobile cellular subscriptions (per 100 people)",590223401,2055.539112972
"610",2000,"Europe","Fixed broadband subscriptions (per 100 people)",570392913,49.916747982
"611",2000,"Europe","Fixed telephone subscriptions (per 100 people)",570392913,5954.691242946
"612",2000,"Europe","Mobile cellular subscriptions (per 100 people)",570392913,5216.238922833
"613",2000,"Oceania","Fixed broadband subscriptions (per 100 people)",22595004,0.362114631
"614",2000,"Oceania","Fixed telephone subscriptions (per 100 people)",22595004,976.689680205
"615",2000,"Oceania","Mobile cellular subscriptions (per 100 people)",22595004,517.979335908
"616",2001,"Africa","Fixed broadband subscriptions (per 100 people)",46240020,0.022314129
"617",2001,"Africa","Fixed telephone subscriptions (per 100 people)",46240020,528.334745076
"618",2001,"Africa","Mobile cellular subscriptions (per 100 people)",46240020,648.260983491
"619",2001,"Americas","Fixed broadband subscriptions (per 100 people)",538202102,50.910828669
"620",2001,"Americas","Fixed telephone subscriptions (per 100 people)",538202102,3579.55995321
"621",2001,"Americas","Mobile cellular subscriptions (per 100 people)",538202102,2242.471886076
"622",2001,"Asia","Fixed broadband subscriptions (per 100 people)",744686068,115.649144547
"623",2001,"Asia","Fixed telephone subscriptions (per 100 people)",744686068,2359.203879339
"624",2001,"Asia","Mobile cellular subscriptions (per 100 people)",744686068,2680.832221083
"625",2001,"Europe","Fixed broadband subscriptions (per 100 people)",641517853,157.567367694
"626",2001,"Europe","Fixed telephone subscriptions (per 100 people)",641517853,5933.954758866
"627",2001,"Europe","Mobile cellular subscriptions (per 100 people)",641517853,6621.624561783
"628",2001,"Oceania","Fixed broadband subscriptions (per 100 people)",26153108,6.810980685
"629",2001,"Oceania","Fixed telephone subscriptions (per 100 people)",26153108,1001.967631677
"630",2001,"Oceania","Mobile cellular subscriptions (per 100 people)",26153108,750.427062408
"631",2002,"Africa","Fixed broadband subscriptions (per 100 people)",59869410,0.435679023
"632",2002,"Africa","Fixed telephone subscriptions (per 100 people)",59869410,549.594311265
"633",2002,"Africa","Mobile cellular subscriptions (per 100 people)",59869410,900.903514704
"634",2002,"Americas","Fixed broadband subscriptions (per 100 people)",578610354,93.01566531
"635",2002,"Americas","Fixed telephone subscriptions (per 100 people)",578610354,3590.049623421
"636",2002,"Americas","Mobile cellular subscriptions (per 100 people)",578610354,3122.09040825
"637",2002,"Asia","Fixed broadband subscriptions (per 100 people)",909880825,188.136680136
"638",2002,"Asia","Fixed telephone subscriptions (per 100 people)",909880825,2373.118335948
"639",2002,"Asia","Mobile cellular subscriptions (per 100 people)",909880825,3319.223355306
"640",2002,"Europe","Fixed broadband subscriptions (per 100 people)",697130488,345.221168793
"641",2002,"Europe","Fixed telephone subscriptions (per 100 people)",697130488,5925.184727256
"642",2002,"Europe","Mobile cellular subscriptions (per 100 people)",697130488,7630.995267852
"643",2002,"Oceania","Fixed broadband subscriptions (per 100 people)",28363963,8.286967089
"644",2002,"Oceania","Fixed telephone subscriptions (per 100 people)",28363963,1101.498789189
"645",2002,"Oceania","Mobile cellular subscriptions (per 100 people)",28363963,883.131357531
"646",2003,"Africa","Fixed broadband subscriptions (per 100 people)",77149125,1.134727566
"647",2003,"Africa","Fixed telephone subscriptions (per 100 people)",77149125,568.877098248
"648",2003,"Africa","Mobile cellular subscriptions (per 100 people)",77149125,1200.413948682
"649",2003,"Americas","Fixed broadband subscriptions (per 100 people)",630425839,173.133160878
"650",2003,"Americas","Fixed telephone subscriptions (per 100 people)",630425839,3608.783816514
"651",2003,"Americas","Mobile cellular subscriptions (per 100 people)",630425839,4255.506709647
"652",2003,"Asia","Fixed broadband subscriptions (per 100 people)",1105519672,263.397717471
"653",2003,"Asia","Fixed telephone subscriptions (per 100 people)",1105519672,2378.855111184
"654",2003,"Asia","Mobile cellular subscriptions (per 100 people)",1105519672,3928.908373875
"655",2003,"Europe","Fixed broadband subscriptions (per 100 people)",767881111.33,571.300525377
"656",2003,"Europe","Fixed telephone subscriptions (per 100 people)",767881111.33,5856.372157944
"657",2003,"Europe","Mobile cellular subscriptions (per 100 people)",767881111.33,8774.66246412
"658",2003,"Oceania","Fixed broadband subscriptions (per 100 people)",30669986,17.50291935
"659",2003,"Oceania","Fixed telephone subscriptions (per 100 people)",30669986,1091.733824886
"660",2003,"Oceania","Mobile cellular subscriptions (per 100 people)",30669986,1056.616292646
"661",2004,"Africa","Fixed broadband subscriptions (per 100 people)",107050409,4.459710738
"662",2004,"Africa","Fixed telephone subscriptions (per 100 people)",107050409,580.187536323
"663",2004,"Africa","Mobile cellular subscriptions (per 100 people)",107050409,1670.815699089
"664",2004,"Americas","Fixed broadband subscriptions (per 100 people)",717303676,288.762355131
"665",2004,"Americas","Fixed telephone subscriptions (per 100 people)",717303676,3599.696748987
"666",2004,"Americas","Mobile cellular subscriptions (per 100 people)",717303676,5500.060927518
"667",2004,"Asia","Fixed broadband subscriptions (per 100 people)",1338116855,345.570653292
"668",2004,"Asia","Fixed telephone subscriptions (per 100 people)",1338116855,2393.790667662
"669",2004,"Asia","Mobile cellular subscriptions (per 100 people)",1338116855,4777.011133356
"670",2004,"Europe","Fixed broadband subscriptions (per 100 people)",885379009,930.609424983
"671",2004,"Europe","Fixed telephone subscriptions (per 100 people)",885379009,5923.878790416
"672",2004,"Europe","Mobile cellular subscriptions (per 100 people)",885379009,10165.39540899
"673",2004,"Oceania","Fixed broadband subscriptions (per 100 people)",33928583.5,45.256779621
"674",2004,"Oceania","Fixed telephone subscriptions (per 100 people)",33928583.5,1110.975908613
"675",2004,"Oceania","Mobile cellular subscriptions (per 100 people)",33928583.5,1302.123575397
"676",2005,"Africa","Fixed broadband subscriptions (per 100 people)",166133487,12.630192447
"677",2005,"Africa","Fixed telephone subscriptions (per 100 people)",166133487,586.578885492
"678",2005,"Africa","Mobile cellular subscriptions (per 100 people)",166133487,2458.905100785
"679",2005,"Americas","Fixed broadband subscriptions (per 100 people)",820384791,520.990820478
"680",2005,"Americas","Fixed telephone subscriptions (per 100 people)",820384791,3542.759967612
"681",2005,"Americas","Mobile cellular subscriptions (per 100 people)",820384791,6768.362726814
"682",2005,"Asia","Fixed broadband subscriptions (per 100 people)",1579615204,429.463702938
"683",2005,"Asia","Fixed telephone subscriptions (per 100 people)",1579615204,2375.835504498
"684",2005,"Asia","Mobile cellular subscriptions (per 100 people)",1579615204,5780.21767212
"685",2005,"Europe","Fixed broadband subscriptions (per 100 people)",1024158425,1396.905515643
"686",2005,"Europe","Fixed telephone subscriptions (per 100 people)",1024158425,5930.583279024
"687",2005,"Europe","Mobile cellular subscriptions (per 100 people)",1024158425,11450.5511082
"688",2005,"Oceania","Fixed broadband subscriptions (per 100 people)",37254066,90.339074133
"689",2005,"Oceania","Fixed telephone subscriptions (per 100 people)",37254066,1091.51026191
"690",2005,"Oceania","Mobile cellular subscriptions (per 100 people)",37254066,1244.931113271
"691",2006,"Africa","Fixed broadband subscriptions (per 100 people)",231877090,29.110483548
"692",2006,"Africa","Fixed telephone subscriptions (per 100 people)",231877090,587.428460181
"693",2006,"Africa","Mobile cellular subscriptions (per 100 people)",231877090,3429.276822489
"694",2006,"Americas","Fixed broadband subscriptions (per 100 people)",921710931,644.290246476
"695",2006,"Americas","Fixed telephone subscriptions (per 100 people)",921710931,3570.656897523
"696",2006,"Americas","Mobile cellular subscriptions (per 100 people)",921710931,8128.020489831
"697",2006,"Asia","Fixed broadband subscriptions (per 100 people)",1897900310,535.746109842
"698",2006,"Asia","Fixed telephone subscriptions (per 100 people)",1897900310,2382.695998356
"699",2006,"Asia","Mobile cellular subscriptions (per 100 people)",1897900310,7194.497731635
"700",2006,"Europe","Fixed broadband subscriptions (per 100 people)",1155379912,1849.72157379
"701",2006,"Europe","Fixed telephone subscriptions (per 100 people)",1155379912,5853.606313083
"702",2006,"Europe","Mobile cellular subscriptions (per 100 people)",1155379912,12879.0905019
"703",2006,"Oceania","Fixed broadband subscriptions (per 100 people)",40941604,147.261012534
"704",2006,"Oceania","Fixed telephone subscriptions (per 100 people)",40941604,1062.116960847
"705",2006,"Oceania","Mobile cellular subscriptions (per 100 people)",40941604,1457.747048649
"706",2007,"Africa","Fixed broadband subscriptions (per 100 people)",308087131,42.294867693
"707",2007,"Africa","Fixed telephone subscriptions (per 100 people)",308087131,613.886484711
"708",2007,"Africa","Mobile cellular subscriptions (per 100 people)",308087131,4694.356008333
"709",2007,"Americas","Fixed broadband subscriptions (per 100 people)",1032130382,812.962932918
"710",2007,"Americas","Fixed telephone subscriptions (per 100 people)",1032130382,3476.80561731
"711",2007,"Americas","Mobile cellular subscriptions (per 100 people)",1032130382,10058.338799769
"712",2007,"Asia","Fixed broadband subscriptions (per 100 people)",2289404086,648.887941476
"713",2007,"Asia","Fixed telephone subscriptions (per 100 people)",2289404086,2413.778400687
"714",2007,"Asia","Mobile cellular subscriptions (per 100 people)",2289404086,9071.790421908
"715",2007,"Europe","Fixed broadband subscriptions (per 100 people)",1258429525,2310.262408869
"716",2007,"Europe","Fixed telephone subscriptions (per 100 people)",1258429525,5791.345450125
"717",2007,"Europe","Mobile cellular subscriptions (per 100 people)",1258429525,14213.90015337
"718",2007,"Oceania","Fixed broadband subscriptions (per 100 people)",39780772,136.363000209
"719",2007,"Oceania","Fixed telephone subscriptions (per 100 people)",39780772,1080.589321905
"720",2007,"Oceania","Mobile cellular subscriptions (per 100 people)",39780772,1848.029520624
"721",2008,"Africa","Fixed broadband subscriptions (per 100 people)",403490985,60.166660128
"722",2008,"Africa","Fixed telephone subscriptions (per 100 people)",403490985,619.558499052
"723",2008,"Africa","Mobile cellular subscriptions (per 100 people)",403490985,6216.355590438
"724",2008,"Americas","Fixed broadband subscriptions (per 100 people)",1146733882,1091.579998797
"725",2008,"Americas","Fixed telephone subscriptions (per 100 people)",1146733882,3472.726353777
"726",2008,"Americas","Mobile cellular subscriptions (per 100 people)",1146733882,11411.229924141
"727",2008,"Asia","Fixed broadband subscriptions (per 100 people)",2714163507,754.43426508
"728",2008,"Asia","Fixed telephone subscriptions (per 100 people)",2714163507,2449.7488164
"729",2008,"Asia","Mobile cellular subscriptions (per 100 people)",2714163507,10709.270781582
"730",2008,"Europe","Fixed broadband subscriptions (per 100 people)",1336547754,2640.194073618
"731",2008,"Europe","Fixed telephone subscriptions (per 100 people)",1336547754,5747.30141256
"732",2008,"Europe","Mobile cellular subscriptions (per 100 people)",1336547754,15091.39325091
"733",2008,"Oceania","Fixed broadband subscriptions (per 100 people)",46660658,226.956159714
"734",2008,"Oceania","Fixed telephone subscriptions (per 100 people)",46660658,1087.51607022
"735",2008,"Oceania","Mobile cellular subscriptions (per 100 people)",46660658,1819.36091043
"736",2009,"Africa","Fixed broadband subscriptions (per 100 people)",485330488,83.164124805
"737",2009,"Africa","Fixed telephone subscriptions (per 100 people)",485330488,644.913606405
"738",2009,"Africa","Mobile cellular subscriptions (per 100 people)",485330488,7548.169095951
"739",2009,"Americas","Fixed broadband subscriptions (per 100 people)",1214766063,1369.515744183
"740",2009,"Americas","Fixed telephone subscriptions (per 100 people)",1214766063,3587.529059433
"741",2009,"Americas","Mobile cellular subscriptions (per 100 people)",1214766063,13179.41789214
"742",2009,"Asia","Fixed broadband subscriptions (per 100 people)",3172703133,857.047428339
"743",2009,"Asia","Fixed telephone subscriptions (per 100 people)",3172703133,2490.126859782
"744",2009,"Asia","Mobile cellular subscriptions (per 100 people)",3172703133,12313.664614005
"745",2009,"Europe","Fixed broadband subscriptions (per 100 people)",1394279143,2979.656490474
"746",2009,"Europe","Fixed telephone subscriptions (per 100 people)",1394279143,5782.1061426
"747",2009,"Europe","Mobile cellular subscriptions (per 100 people)",1394279143,15448.37663952
"748",2009,"Oceania","Fixed broadband subscriptions (per 100 people)",49095617,239.505781659
"749",2009,"Oceania","Fixed telephone subscriptions (per 100 people)",49095617,1140.257396034
"750",2009,"Oceania","Mobile cellular subscriptions (per 100 people)",49095617,2104.912879326
"751",2010,"Africa","Fixed broadband subscriptions (per 100 people)",581971733,111.139245759
"752",2010,"Africa","Fixed telephone subscriptions (per 100 people)",581971733,634.239459942
"753",2010,"Africa","Mobile cellular subscriptions (per 100 people)",581971733,9139.628144301
"754",2010,"Americas","Fixed broadband subscriptions (per 100 people)",1293845148,1418.307331125
"755",2010,"Americas","Fixed telephone subscriptions (per 100 people)",1293845148,3480.224502543
"756",2010,"Americas","Mobile cellular subscriptions (per 100 people)",1293845148,13921.137014673
"757",2010,"Asia","Fixed broadband subscriptions (per 100 people)",3678239679,945.330866643
"758",2010,"Asia","Fixed telephone subscriptions (per 100 people)",3678239679,2492.238272403
"759",2010,"Asia","Mobile cellular subscriptions (per 100 people)",3678239679,13891.249972896
"760",2010,"Europe","Fixed broadband subscriptions (per 100 people)",1401979185,3193.804914705
"761",2010,"Europe","Fixed telephone subscriptions (per 100 people)",1401979185,5666.01331869
"762",2010,"Europe","Mobile cellular subscriptions (per 100 people)",1401979185,15614.20914507
"763",2010,"Oceania","Fixed broadband subscriptions (per 100 people)",50520343,295.344104262
"764",2010,"Oceania","Fixed telephone subscriptions (per 100 people)",50520343,1107.134111055
"765",2010,"Oceania","Mobile cellular subscriptions (per 100 people)",50520343,2622.61214232
"766",2011,"Africa","Fixed broadband subscriptions (per 100 people)",685568533,141.173047248
"767",2011,"Africa","Fixed telephone subscriptions (per 100 people)",685568533,634.087441527
"768",2011,"Africa","Mobile cellular subscriptions (per 100 people)",685568533,10420.315098531
"769",2011,"Americas","Fixed broadband subscriptions (per 100 people)",1370989476,1258.299793854
"770",2011,"Americas","Fixed telephone subscriptions (per 100 people)",1370989476,2799.111305058
"771",2011,"Americas","Mobile cellular subscriptions (per 100 people)",1370989476,13352.43359424
"772",2011,"Asia","Fixed broadband subscriptions (per 100 people)",4136024816,1089.673564413
"773",2011,"Asia","Fixed telephone subscriptions (per 100 people)",4136024816,2504.710089144
"774",2011,"Asia","Mobile cellular subscriptions (per 100 people)",4136024816,15311.20750359
"775",2011,"Europe","Fixed broadband subscriptions (per 100 people)",1392878599,3355.656520128
"776",2011,"Europe","Fixed telephone subscriptions (per 100 people)",1392878599,5561.77715007
"777",2011,"Europe","Mobile cellular subscriptions (per 100 people)",1392878599,16153.68355884
"778",2011,"Oceania","Fixed broadband subscriptions (per 100 people)",52477562,281.933069364
"779",2011,"Oceania","Fixed telephone subscriptions (per 100 people)",52477562,774.515633871
"780",2011,"Oceania","Mobile cellular subscriptions (per 100 people)",52477562,2629.12480965
"781",2012,"Africa","Fixed broadband subscriptions (per 100 people)",776216989,157.357567431
"782",2012,"Africa","Fixed telephone subscriptions (per 100 people)",776216989,578.700393225
"783",2012,"Africa","Mobile cellular subscriptions (per 100 people)",776216989,11475.12025269
"784",2012,"Americas","Fixed broadband subscriptions (per 100 people)",1421242426,1421.106062478
"785",2012,"Americas","Fixed telephone subscriptions (per 100 people)",1421242426,3203.584196889
"786",2012,"Americas","Mobile cellular subscriptions (per 100 people)",1421242426,14846.62455582
"787",2012,"Asia","Fixed broadband subscriptions (per 100 people)",4371416893,1179.903323859
"788",2012,"Asia","Fixed telephone subscriptions (per 100 people)",4371416893,2486.928790932
"789",2012,"Asia","Mobile cellular subscriptions (per 100 people)",4371416893,16261.351456251
"790",2012,"Europe","Fixed broadband subscriptions (per 100 people)",1414225488,3540.994663887
"791",2012,"Europe","Fixed telephone subscriptions (per 100 people)",1414225488,5386.99092726
"792",2012,"Europe","Mobile cellular subscriptions (per 100 people)",1414225488,16436.11471866
"793",2012,"Oceania","Fixed broadband subscriptions (per 100 people)",53989216,303.25171833
"794",2012,"Oceania","Fixed telephone subscriptions (per 100 people)",53989216,1090.554816621
"795",2012,"Oceania","Mobile cellular subscriptions (per 100 people)",53989216,2946.04133496
"796",2013,"Africa","Fixed broadband subscriptions (per 100 people)",856573578,179.323287963
"797",2013,"Africa","Fixed telephone subscriptions (per 100 people)",856573578,552.415125357
"798",2013,"Africa","Mobile cellular subscriptions (per 100 people)",856573578,12501.09191469
"799",2013,"Americas","Fixed broadband subscriptions (per 100 people)",1471222021,1764.668886702
"800",2013,"Americas","Fixed telephone subscriptions (per 100 people)",1471222021,3389.159515224
"801",2013,"Americas","Mobile cellular subscriptions (per 100 people)",1471222021,14655.76731444
"802",2013,"Asia","Fixed broadband subscriptions (per 100 people)",4615306077,1235.929047639
"803",2013,"Asia","Fixed telephone subscriptions (per 100 people)",4615306077,2371.571838165
"804",2013,"Asia","Mobile cellular subscriptions (per 100 people)",4615306077,16958.347029615
"805",2013,"Europe","Fixed broadband subscriptions (per 100 people)",1442040021,3602.327488815
"806",2013,"Europe","Fixed telephone subscriptions (per 100 people)",1442040021,5097.380238762
"807",2013,"Europe","Mobile cellular subscriptions (per 100 people)",1442040021,16102.09927254
"808",2013,"Oceania","Fixed broadband subscriptions (per 100 people)",54967211,351.102225501
"809",2013,"Oceania","Fixed telephone subscriptions (per 100 people)",54967211,1080.218916828
"810",2013,"Oceania","Mobile cellular subscriptions (per 100 people)",54967211,2808.61593147
"811",2014,"Africa","Fixed broadband subscriptions (per 100 people)",921132213,194.530642512
"812",2014,"Africa","Fixed telephone subscriptions (per 100 people)",921132213,541.759524441
"813",2014,"Africa","Mobile cellular subscriptions (per 100 people)",921132213,13166.47861473
"814",2014,"Americas","Fixed broadband subscriptions (per 100 people)",1522204311,1824.512626197
"815",2014,"Americas","Fixed telephone subscriptions (per 100 people)",1522204311,3079.47293883
"816",2014,"Americas","Mobile cellular subscriptions (per 100 people)",1522204311,14223.79670391
"817",2014,"Asia","Fixed broadband subscriptions (per 100 people)",4828687344,1334.097221151
"818",2014,"Asia","Fixed telephone subscriptions (per 100 people)",4828687344,2319.903520353
"819",2014,"Asia","Mobile cellular subscriptions (per 100 people)",4828687344,17808.21496695
"820",2014,"Europe","Fixed broadband subscriptions (per 100 people)",1438616334,3859.177528659
"821",2014,"Europe","Fixed telephone subscriptions (per 100 people)",1438616334,5224.043749062
"822",2014,"Europe","Mobile cellular subscriptions (per 100 people)",1438616334,16370.34402303
"823",2014,"Oceania","Fixed broadband subscriptions (per 100 people)",55334936,369.11795247
"824",2014,"Oceania","Fixed telephone subscriptions (per 100 people)",55334936,1000.972196247
"825",2014,"Oceania","Mobile cellular subscriptions (per 100 people)",55334936,2968.73408553
"826",2015,"Africa","Fixed broadband subscriptions (per 100 people)",992924086,218.709945681
"827",2015,"Africa","Fixed telephone subscriptions (per 100 people)",992924086,532.808842785
"828",2015,"Africa","Mobile cellular subscriptions (per 100 people)",992924086,13820.25653616
"829",2015,"Americas","Fixed broadband subscriptions (per 100 people)",1539218368,1939.449987552
"830",2015,"Americas","Fixed telephone subscriptions (per 100 people)",1539218368,3008.049217695
"831",2015,"Americas","Mobile cellular subscriptions (per 100 people)",1539218368,14252.0497092
"832",2015,"Asia","Fixed broadband subscriptions (per 100 people)",4990840150,1417.412976507
"833",2015,"Asia","Fixed telephone subscriptions (per 100 people)",4990840150,2305.615463952
"834",2015,"Asia","Mobile cellular subscriptions (per 100 people)",4990840150,18131.41455072
"835",2015,"Europe","Fixed broadband subscriptions (per 100 people)",1439231461.01,4038.669733395
"836",2015,"Europe","Fixed telephone subscriptions (per 100 people)",1439231461.01,4839.999364641
"837",2015,"Europe","Mobile cellular subscriptions (per 100 people)",1439231461.01,16286.24453931
"838",2015,"Oceania","Fixed broadband subscriptions (per 100 people)",56632463,366.693068832
"839",2015,"Oceania","Fixed telephone subscriptions (per 100 people)",56632463,973.496962881
"840",2015,"Oceania","Mobile cellular subscriptions (per 100 people)",56632463,3652.58428875
"841",2016,"Africa","Fixed broadband subscriptions (per 100 people)",999389428,237.194659488
"842",2016,"Africa","Fixed telephone subscriptions (per 100 people)",999389428,537.600122193
"843",2016,"Africa","Mobile cellular subscriptions (per 100 people)",999389428,13557.22085259
"844",2016,"Americas","Fixed broadband subscriptions (per 100 people)",1554180449,1824.388176009
"845",2016,"Americas","Fixed telephone subscriptions (per 100 people)",1554180449,2532.523910268
"846",2016,"Americas","Mobile cellular subscriptions (per 100 people)",1554180449,13581.95931654
"847",2016,"Asia","Fixed broadband subscriptions (per 100 people)",5333790333,1496.277405267
"848",2016,"Asia","Fixed telephone subscriptions (per 100 people)",5333790333,2290.859110827
"849",2016,"Asia","Mobile cellular subscriptions (per 100 people)",5333790333,18524.09185704
"850",2016,"Europe","Fixed broadband subscriptions (per 100 people)",1438565529,4178.282677065
"851",2016,"Europe","Fixed telephone subscriptions (per 100 people)",1438565529,4827.321288939
"852",2016,"Europe","Mobile cellular subscriptions (per 100 people)",1438565529,16251.75783588
"853",2016,"Oceania","Fixed broadband subscriptions (per 100 people)",58293150,298.94674848
"854",2016,"Oceania","Fixed telephone subscriptions (per 100 people)",58293150,445.966810944
"855",2016,"Oceania","Mobile cellular subscriptions (per 100 people)",58293150,3120.09245097
"856",2017,"Africa","Fixed broadband subscriptions (per 100 people)",1019807583,261.455206518
"857",2017,"Africa","Fixed telephone subscriptions (per 100 people)",1019807583,545.04876072
"858",2017,"Africa","Mobile cellular subscriptions (per 100 people)",1019807583,13637.34890841
"859",2017,"Americas","Fixed broadband subscriptions (per 100 people)",1539558351,2059.928095449
"860",2017,"Americas","Fixed telephone subscriptions (per 100 people)",1539558351,2507.109188376
"861",2017,"Americas","Mobile cellular subscriptions (per 100 people)",1539558351,13960.65232854
"862",2017,"Asia","Fixed broadband subscriptions (per 100 people)",5641943953,1668.853688883
"863",2017,"Asia","Fixed telephone subscriptions (per 100 people)",5641943953,2217.902481174
"864",2017,"Asia","Mobile cellular subscriptions (per 100 people)",5641943953,18661.33797477
"865",2017,"Europe","Fixed broadband subscriptions (per 100 people)",1442491397,4309.94642904
"866",2017,"Europe","Fixed telephone subscriptions (per 100 people)",1442491397,4729.500931632
"867",2017,"Europe","Mobile cellular subscriptions (per 100 people)",1442491397,16264.03243626
"868",2017,"Oceania","Fixed broadband subscriptions (per 100 people)",59648828,304.522703985
"869",2017,"Oceania","Fixed telephone subscriptions (per 100 people)",59648828,481.077504501
"870",2017,"Oceania","Mobile cellular subscriptions (per 100 people)",59648828,3270.96857625
